<?xml version="1.0" encoding="UTF-8" standalone="yes"?>
<content>
    <qradarversion>7.2.8.20160920132350</qradarversion>
    <fgroup>
        <id>100118</id>
        <user_name>admin</user_name>
        <modified_date>2017-03-10T21:03:44.860+08:00</modified_date>
        <description></description>
        <name>00. Disabled</name>
        <level_id>2</level_id>
        <type_id>3</type_id>
        <parent_id>3</parent_id>
    </fgroup>
    <fgroup>
        <id>3</id>
        <user_name>admin</user_name>
        <modified_date>2017-03-02T07:54:39.478+08:00</modified_date>
        <description>Rule grouping root node</description>
        <name>rule</name>
        <level_id>1</level_id>
        <type_id>3</type_id>
    </fgroup>
    <fgroup>
        <id>100119</id>
        <user_name>admin</user_name>
        <modified_date>2017-03-10T21:04:02.180+08:00</modified_date>
        <description></description>
        <name>01. Development</name>
        <level_id>2</level_id>
        <type_id>3</type_id>
        <parent_id>3</parent_id>
    </fgroup>
    <fgroup>
        <id>100121</id>
        <user_name>admin</user_name>
        <modified_date>2017-03-10T21:04:37.360+08:00</modified_date>
        <description></description>
        <name>03. Production</name>
        <level_id>2</level_id>
        <type_id>3</type_id>
        <parent_id>3</parent_id>
    </fgroup>
    <fgroup>
        <id>100219</id>
        <user_name>admin</user_name>
        <modified_date>2017-02-02T00:21:48.170+08:00</modified_date>
        <description></description>
        <name>00. Self-Monitoring</name>
        <level_id>3</level_id>
        <type_id>3</type_id>
        <parent_id>100121</parent_id>
    </fgroup>
    <fgroup>
        <id>100220</id>
        <user_name>admin</user_name>
        <modified_date>2017-02-02T00:21:56.770+08:00</modified_date>
        <description></description>
        <name>01. Access Control</name>
        <level_id>3</level_id>
        <type_id>3</type_id>
        <parent_id>100121</parent_id>
    </fgroup>
    <fgroup>
        <id>100221</id>
        <user_name>admin</user_name>
        <modified_date>2017-02-02T00:22:01.790+08:00</modified_date>
        <description></description>
        <name>02. Application</name>
        <level_id>3</level_id>
        <type_id>3</type_id>
        <parent_id>100121</parent_id>
    </fgroup>
    <fgroup>
        <id>100222</id>
        <user_name>admin</user_name>
        <modified_date>2017-02-02T00:22:34.810+08:00</modified_date>
        <description></description>
        <name>03. Host</name>
        <level_id>3</level_id>
        <type_id>3</type_id>
        <parent_id>100121</parent_id>
    </fgroup>
    <fgroup>
        <id>100223</id>
        <user_name>admin</user_name>
        <modified_date>2017-02-02T00:22:41.300+08:00</modified_date>
        <description></description>
        <name>04. Mobile</name>
        <level_id>3</level_id>
        <type_id>3</type_id>
        <parent_id>100121</parent_id>
    </fgroup>
    <fgroup>
        <id>100224</id>
        <user_name>admin</user_name>
        <modified_date>2017-02-02T00:22:46.420+08:00</modified_date>
        <description></description>
        <name>05. Wireless Network</name>
        <level_id>3</level_id>
        <type_id>3</type_id>
        <parent_id>100121</parent_id>
    </fgroup>
    <fgroup>
        <id>100225</id>
        <user_name>admin</user_name>
        <modified_date>2017-02-02T00:22:56.070+08:00</modified_date>
        <description></description>
        <name>06. Internal Network</name>
        <level_id>3</level_id>
        <type_id>3</type_id>
        <parent_id>100121</parent_id>
    </fgroup>
    <fgroup>
        <id>100226</id>
        <user_name>admin</user_name>
        <modified_date>2017-02-02T00:23:05.450+08:00</modified_date>
        <description></description>
        <name>07. Cloud</name>
        <level_id>3</level_id>
        <type_id>3</type_id>
        <parent_id>100121</parent_id>
    </fgroup>
    <fgroup>
        <id>100227</id>
        <user_name>admin</user_name>
        <modified_date>2017-02-02T00:23:10.470+08:00</modified_date>
        <description></description>
        <name>08. Perimeter</name>
        <level_id>3</level_id>
        <type_id>3</type_id>
        <parent_id>100121</parent_id>
    </fgroup>
    <fgroup>
        <id>100228</id>
        <user_name>admin</user_name>
        <modified_date>2017-02-02T00:23:16.230+08:00</modified_date>
        <description></description>
        <name>09. Physical</name>
        <level_id>3</level_id>
        <type_id>3</type_id>
        <parent_id>100121</parent_id>
    </fgroup>
    <fgroup>
        <id>100229</id>
        <user_name>admin</user_name>
        <modified_date>2017-02-02T00:23:21.550+08:00</modified_date>
        <description></description>
        <name>10. Policy</name>
        <level_id>3</level_id>
        <type_id>3</type_id>
        <parent_id>100121</parent_id>
    </fgroup>
    <fgroup>
        <id>100230</id>
        <user_name>admin</user_name>
        <modified_date>2017-02-02T00:23:30.210+08:00</modified_date>
        <description></description>
        <name>11. Attack Patterns</name>
        <level_id>3</level_id>
        <type_id>3</type_id>
        <parent_id>100121</parent_id>
    </fgroup>
    <fgroup>
        <id>100235</id>
        <user_name>admin</user_name>
        <modified_date>2017-02-02T00:24:28.430+08:00</modified_date>
        <description></description>
        <name>12. Threat Intelligence</name>
        <level_id>3</level_id>
        <type_id>3</type_id>
        <parent_id>100121</parent_id>
    </fgroup>
    <fgroup>
        <id>100240</id>
        <user_name>admin</user_name>
        <modified_date>2017-02-02T00:25:06.830+08:00</modified_date>
        <description></description>
        <name>13. Threat Modelling</name>
        <level_id>3</level_id>
        <type_id>3</type_id>
        <parent_id>100121</parent_id>
    </fgroup>
    <fgroup>
        <id>100120</id>
        <user_name>admin</user_name>
        <modified_date>2017-03-10T21:04:53.340+08:00</modified_date>
        <description></description>
        <name>02. System</name>
        <level_id>2</level_id>
        <type_id>3</type_id>
        <parent_id>3</parent_id>
    </fgroup>
    <fgroup>
        <id>100218</id>
        <user_name>admin</user_name>
        <modified_date>2017-02-02T00:19:59.110+08:00</modified_date>
        <description></description>
        <name>04. Apps</name>
        <level_id>2</level_id>
        <type_id>3</type_id>
        <parent_id>3</parent_id>
    </fgroup>
    <fgroup_type>
        <id>3</id>
        <description>rule</description>
        <name>rule</name>
        <class_name>com.q1labs.core.shared.group.RuleGroupFactory</class_name>
    </fgroup_type>
</content>
